decision_ts,execution_id,status,dry_run,interval_start_ts,interval_end_ts,time_to_expiry_ms,poly_yes_bid,poly_yes_ask,poly_yes_bid_size,poly_yes_ask_size,poly_no_bid,poly_no_ask,poly_no_bid_size,poly_no_ask_size,poly_ts_exchange,poly_ts_local,kalshi_yes_bid,kalshi_yes_ask,kalshi_yes_bid_size,kalshi_yes_ask_size,kalshi_no_bid,kalshi_no_ask,kalshi_no_bid_size,kalshi_no_ask_size,kalshi_ts_exchange,kalshi_ts_local,poly_yes_spread,poly_no_spread,kalshi_yes_spread,kalshi_no_spread,poly_yes_imbalance,poly_no_imbalance,kalshi_yes_imbalance,kalshi_no_imbalance,cross_venue_yes_spread,cross_venue_no_spread,poly_quote_age_ms,kalshi_quote_age_ms,opp_cost,opp_edge_gross,opp_edge_net,opp_qty,opp_leg0_venue,opp_leg0_side,opp_leg0_price,opp_leg0_size,opp_leg1_venue,opp_leg1_side,opp_leg1_price,opp_leg1_size,leg_a_venue,leg_a_side,leg_a_limit_price,leg_a_qty,leg_a_tif,leg_a_market_id,leg_a_filled,leg_a_fill_price,leg_a_fill_qty,leg_a_submit_ts,leg_a_fill_ts,leg_a_latency_ms,leg_b_venue,leg_b_side,leg_b_limit_price,leg_b_qty,leg_b_filled,leg_b_fill_price,leg_b_fill_qty,leg_b_submit_ts,leg_b_fill_ts,leg_b_latency_ms,both_filled,had_unwind,unwind_realized_loss,unwind_reason,realized_pnl,expected_edge_net,execution_start_ts,execution_end_ts,total_execution_ms,inter_leg_ms
1770513310559,exec_mld1wtpd_crt35j,success,0,1770513300,1770514200,889439,0.36,0.37,917.29,1289.62,0.63,0.64,1289.62,917.29,1770513310539,1770513310559,0.45,0.55,9,2,0.45,0.55,2,9,1770513310458,1770513310557,0.010000000000000009,0.010000000000000009,0.10000000000000003,0.10000000000000003,0.41564449841633777,0.5843555015836622,0.8181818181818182,0.18181818181818182,0.18000000000000005,0.08999999999999997,20,99,0.92,0.07999999999999996,0.04489999999999996,5,polymarket,yes,0.37,1289.62,kalshi,no,0.55,9,polymarket,yes,0.37,5,IOC,38165092418814968739536337911771664808146538042094821613496750604297290502965,1,0.37,5,1770513310561,1770513311159,598,kalshi,no,0.55,5,1,0.55,5,1770513311159,1770513311251,92,1,0,,,0.40000000000000036,0.04489999999999996,1770513310561,1770513311251,690,0
1770513320250,exec_mld1x16j_ipicy3,leg_a_failed,0,1770513300,1770514200,879749,0.39,0.4,467.07,160.75,0.6,0.61,160.75,467.07,1770513320236,1770513320246,0.8,0.9,62,20,0.1,0.2,20,62,1770513320203,1770513320250,0.010000000000000009,0.010000000000000009,0.09999999999999998,0.1,0.7439552738045937,0.25604472619540636,0.7560975609756098,0.24390243902439024,0.5,0.41,10,47,0.6000000000000001,0.3999999999999999,0.3641999999999999,25,polymarket,yes,0.4,160.75,kalshi,no,0.2,62,polymarket,yes,0.4,25,IOC,38165092418814968739536337911771664808146538042094821613496750604297290502965,0,0,0,1770513320251,,,kalshi,no,0.2,25,0,,,,,,0,0,,,0,0.3641999999999999,1770513320251,1770513320840,589,
1770513320841,exec_mld1x1mx_jb8zdy,success,0,1770513300,1770514200,879159,0.4,0.41,343,92.21,0.59,0.6,92.21,343,1770513320830,1770513320841,0.8,0.9,57,20,0.1,0.2,20,57,1770513320424,1770513320473,0.009999999999999953,0.010000000000000009,0.09999999999999998,0.1,0.7881252728567818,0.2118747271432182,0.7402597402597403,0.2597402597402597,0.49000000000000005,0.39999999999999997,11,49,0.61,0.39,0.354,25,polymarket,yes,0.41,92.21,kalshi,no,0.2,57,polymarket,yes,0.41,25,IOC,38165092418814968739536337911771664808146538042094821613496750604297290502965,1,0.41,25,1770513320841,1770513321404,563,kalshi,no,0.2,25,1,0.2,25,1770513321404,1770513321656,252,1,0,,,9.75,0.354,1770513320841,1770513321656,815,0
1770513321663,exec_mld1x29r_lcdyfb,unwound,0,1770513300,1770514200,878337,0.4,0.41,170.15,363.51,0.59,0.6,363.51,170.15,1770513321651,1770513321662,0.8,0.9,38,20,0.1,0.2,20,38,1770513321611,1770513321663,0.009999999999999953,0.010000000000000009,0.09999999999999998,0.1,0.31883596297267924,0.6811640370273208,0.6551724137931034,0.3448275862068966,0.49000000000000005,0.39999999999999997,11,52,0.61,0.39,0.354,24,polymarket,yes,0.41,363.51,kalshi,no,0.2,38,polymarket,yes,0.41,24,IOC,38165092418814968739536337911771664808146538042094821613496750604297290502965,1,0.41,24,1770513321663,1770513322233,570,kalshi,no,0.2,24,0,0,0,1770513322234,,,0,1,0.049320999999999775,Kalshi FOK failed: Kalshi createOrder failed (409): {"error":{"code":"fill_or_kill_insufficient_resting_volume";"message":"fill or kill insufficient resting volume"}},-0.049320999999999775,0.354,1770513321663,1770513325744,4081,1
1770519221690,exec_mld5firg_uze46o,leg_a_failed,0,1770518700,1770519600,378308,0.24,0.25,25.92,219.44,0.75,0.76,219.44,25.92,1770519221681,1770519221688,0.16,0.17,100,1250,0.83,0.84,1250,100,1770519221633,1770519221689,0.010000000000000009,0.010000000000000009,0.010000000000000009,0.010000000000000009,0.10564069122921421,0.8943593087707857,0.07407407407407407,0.9259259259259259,0.07999999999999999,0.07999999999999996,7,56,0.93,0.06999999999999995,0.04359999999999995,16,kalshi,yes,0.17,1250,polymarket,no,0.76,25.92,polymarket,no,0.76,16,IOC,54991207296118448041471945610367325046867919799404425768153994697303120661457,0,0,0,1770519221692,,,kalshi,yes,0.17,16,0,,,,,,0,0,,,0,0.04359999999999995,1770519221692,1770519222605,913,
1770520869893,exec_mld6euiv_wtkdwf,leg_a_failed,0,1770520500,1770521400,530105,0.65,0.66,393.09,1012.22,0.34,0.35,1012.22,393.09,1770520869860,1770520869871,0.56,0.57,150,66,0.43,0.44,66,150,1770520869845,1770520869893,0.010000000000000009,0.009999999999999953,0.009999999999999898,0.010000000000000009,0.27971764237072244,0.7202823576292776,0.6944444444444444,0.3055555555555556,0.09000000000000008,0.09000000000000002,11,48,0.9199999999999999,0.08000000000000007,0.04540000000000007,25,kalshi,yes,0.57,66,polymarket,no,0.35,393.09,polymarket,no,0.35,25,IOC,30915174618601140099384943187271891476207687570661515568495457270541786436930,0,0,0,1770520869895,,,kalshi,yes,0.57,25,0,,,,,,0,0,,,0,0.04540000000000007,1770520869895,1770520870462,567,
1770521437673,exec_mld6r0mh_zwwjwd,success,0,1770521400,1770522300,862327,0.36,0.37,653.84,1650.84,0.63,0.64,1650.84,653.84,1770521437648,1770521437673,0.45,0.47,77,210,0.53,0.55,210,77,1770521437617,1770521437665,0.010000000000000009,0.010000000000000009,0.019999999999999962,0.020000000000000018,0.2837009910269539,0.7162990089730462,0.2682926829268293,0.7317073170731707,0.09999999999999998,0.08999999999999997,25,48,0.92,0.07999999999999996,0.04489999999999996,25,polymarket,yes,0.37,1650.84,kalshi,no,0.55,77,polymarket,yes,0.37,25,IOC,62770486276332546731399923855823834178778491460814856466824303293811528721129,1,0.37,25,1770521437673,1770521438391,718,kalshi,no,0.55,25,1,0.55,25,1770521438391,1770521438639,248,1,0,,,2,0.04489999999999996,1770521437673,1770521438640,967,0
1770521438645,exec_mld6r1dh_t0fv93,unwound,0,1770521400,1770522300,861355,0.36,0.37,761.85,1230.4,0.63,0.64,1230.4,761.85,1770521438635,1770521438645,0.45,0.46,42,300,0.54,0.55,300,42,1770521438597,1770521438645,0.010000000000000009,0.010000000000000009,0.010000000000000009,0.010000000000000009,0.38240682645250346,0.6175931735474965,0.12280701754385964,0.8771929824561403,0.09000000000000002,0.08999999999999997,10,48,0.92,0.07999999999999996,0.04489999999999996,25,polymarket,yes,0.37,1230.4,kalshi,no,0.55,42,polymarket,yes,0.37,25,IOC,62770486276332546731399923855823834178778491460814856466824303293811528721129,1,0.37,25,1770521438645,1770521439218,573,kalshi,no,0.55,25,0,0,0,1770521439218,,,0,1,0.49320999999999904,Kalshi FOK failed: Kalshi createOrder failed (409): {"error":{"code":"fill_or_kill_insufficient_resting_volume";"message":"fill or kill insufficient resting volume"}},-0.49320999999999904,0.04489999999999996,1770521438645,1770521443645,5000,0
1770521715375,exec_mld6wywg_jjk17l,leg_a_failed,0,1770521400,1770522300,584624,0.73,0.74,206,742.18,0.26,0.27,742.18,206,1770521715364,1770521715375,0.63,0.65,14,196,0.35,0.37,196,14,1770521715326,1770521715375,0.010000000000000009,0.010000000000000009,0.020000000000000018,0.020000000000000018,0.2172583264780949,0.7827416735219052,0.06666666666666667,0.9333333333333333,0.08999999999999997,0.09999999999999998,11,49,0.92,0.07999999999999996,0.04729999999999996,25,kalshi,yes,0.65,196,polymarket,no,0.27,206,polymarket,no,0.27,25,IOC,89209327648932812581833390342445279077128529095947873626142318959450187707735,0,0,0,1770521715376,,,kalshi,yes,0.65,25,0,,,,,,0,0,,,0,0.04729999999999996,1770521715376,1770521717140,1764,
1770521719938,exec_mld6x2f6_ptlu77,leg_a_failed,0,1770521400,1770522300,580062,0.5,0.51,518.49,348.77,0.49,0.5,348.77,518.49,1770521719923,1770521719935,0.59,0.61,129,8570,0.39,0.41,8570,129,1770521719889,1770521719938,0.010000000000000009,0.010000000000000009,0.020000000000000018,0.019999999999999962,0.597848396098056,0.40215160390194404,0.014829290723071617,0.9851707092769284,0.09999999999999998,0.09000000000000002,12,49,0.9199999999999999,0.08000000000000007,0.04200000000000007,25,polymarket,yes,0.51,348.77,kalshi,no,0.41,129,polymarket,yes,0.51,25,IOC,62770486276332546731399923855823834178778491460814856466824303293811528721129,0,0,0,1770521719938,,,kalshi,no,0.41,25,0,,,,,,0,0,,,0,0.04200000000000007,1770521719938,1770521720993,1055,
1770522318060,exec_mld79vxp_ii15bg,success,0,1770522300,1770523200,881939,0.63,0.64,1353.69,609.81,0.36,0.37,609.81,1353.69,1770522318051,1770522318060,0.54,0.55,4,143,0.45,0.46,143,4,1770522318002,1770522318060,0.010000000000000009,0.010000000000000009,0.010000000000000009,0.010000000000000009,0.6894270435446906,0.31057295645530936,0.027210884353741496,0.9727891156462585,0.08999999999999997,0.09000000000000002,9,58,0.92,0.07999999999999996,0.04489999999999996,25,kalshi,yes,0.55,143,polymarket,no,0.37,1353.69,polymarket,no,0.37,25,IOC,19998019486668550100085475604932090584638666041684384080444213622901557823576,1,0.37,25,1770522318061,1770522318662,601,kalshi,yes,0.55,25,1,0.55,25,1770522318663,1770522318758,95,1,0,,,2,0.04489999999999996,1770522318061,1770522318758,697,1
1770522318766,exec_mld79whb_bpf374,success,0,1770522300,1770523200,881233,0.63,0.64,753,362.67,0.36,0.37,362.67,753,1770522318754,1770522318766,0.54,0.55,4,113,0.45,0.46,113,4,1770522318715,1770522318766,0.010000000000000009,0.010000000000000009,0.010000000000000009,0.010000000000000009,0.6749307590954314,0.32506924090456857,0.03418803418803419,0.9658119658119658,0.08999999999999997,0.09000000000000002,12,51,0.92,0.07999999999999996,0.04489999999999996,25,kalshi,yes,0.55,113,polymarket,no,0.37,753,polymarket,no,0.37,25,IOC,19998019486668550100085475604932090584638666041684384080444213622901557823576,1,0.37,25,1770522318767,1770522319444,677,kalshi,yes,0.55,25,1,0.55,25,1770522319444,1770522319535,91,1,0,,,2,0.04489999999999996,1770522318767,1770522319535,768,0
1770522319552,exec_mld79x35_q4q709,success,0,1770522300,1770523200,880447,0.63,0.64,835.29,382.19,0.36,0.37,382.19,835.29,1770522319540,1770522319552,0.54,0.55,304,83,0.45,0.46,83,304,1770522319492,1770522319548,0.010000000000000009,0.010000000000000009,0.010000000000000009,0.010000000000000009,0.686081085520912,0.31391891447908793,0.7855297157622739,0.2144702842377261,0.08999999999999997,0.09000000000000002,12,56,0.92,0.07999999999999996,0.04489999999999996,25,kalshi,yes,0.55,83,polymarket,no,0.37,835.29,polymarket,no,0.37,25,IOC,19998019486668550100085475604932090584638666041684384080444213622901557823576,1,0.37,25,1770522319553,1770522320126,573,kalshi,yes,0.55,25,1,0.55,25,1770522320127,1770522320213,86,1,0,,,2,0.04489999999999996,1770522319553,1770522320214,661,1
1770522320244,exec_mld79xmc_whl908,success,0,1770522300,1770523200,879756,0.63,0.64,820.61,353.43,0.36,0.37,353.43,820.61,1770522320234,1770522320244,0.54,0.55,304,58,0.45,0.46,58,304,1770522320171,1770522320218,0.010000000000000009,0.010000000000000009,0.010000000000000009,0.010000000000000009,0.6989625566420224,0.3010374433579776,0.8397790055248618,0.16022099447513813,0.08999999999999997,0.09000000000000002,10,47,0.92,0.07999999999999996,0.04489999999999996,25,kalshi,yes,0.55,58,polymarket,no,0.37,820.61,polymarket,no,0.37,25,IOC,19998019486668550100085475604932090584638666041684384080444213622901557823576,1,0.37,25,1770522320244,1770522320823,579,kalshi,yes,0.55,25,1,0.55,25,1770522320823,1770522320916,93,1,0,,,2,0.04489999999999996,1770522320244,1770522320916,672,0
1770522320976,exec_mld79y6o_eip30a,success,0,1770522300,1770523200,879024,0.63,0.64,789.67,404.93,0.36,0.37,404.93,789.67,1770522320963,1770522320976,0.54,0.55,304,30,0.45,0.46,30,304,1770522320871,1770522320920,0.010000000000000009,0.010000000000000009,0.010000000000000009,0.010000000000000009,0.6610329817512138,0.3389670182487862,0.9101796407185628,0.08982035928143713,0.08999999999999997,0.09000000000000002,13,49,0.92,0.07999999999999996,0.04489999999999996,19,kalshi,yes,0.55,30,polymarket,no,0.37,789.67,polymarket,no,0.37,19,IOC,19998019486668550100085475604932090584638666041684384080444213622901557823576,1,0.37,19,1770522320976,1770522321546,570,kalshi,yes,0.55,19,1,0.55,19,1770522321546,1770522321636,90,1,0,,,1.5199999999999996,0.04489999999999996,1770522320976,1770522321636,660,0
1770523225418,exec_mld7tc22_j268nt,success,0,1770523200,1770524100,874582,0.57,0.58,221.9,298,0.42,0.43,298,221.9,1770523225392,1770523225400,0.43,0.49,8,8,0.51,0.57,8,8,1770523225372,1770523225418,0.010000000000000009,0.010000000000000009,0.06,0.05999999999999994,0.42681284862473556,0.5731871513752645,0.5,0.5,0.08999999999999997,0.13999999999999996,8,46,0.9199999999999999,0.08000000000000007,0.04350000000000007,5,kalshi,yes,0.49,8,polymarket,no,0.43,221.9,polymarket,no,0.43,5,IOC,33489858179390270591083483723836614492356503624932763943449061957386469414769,1,0.43,5,1770523225418,1770523226021,603,kalshi,yes,0.49,5,1,0.49,5,1770523226022,1770523226279,257,1,0,,,0.40000000000000036,0.04350000000000007,1770523225418,1770523226279,861,1
1770523227724,exec_mld7tdu4_i74vp0,unwound,0,1770523200,1770524100,872276,0.57,0.58,248.44,359,0.42,0.43,359,248.44,1770523227713,1770523227722,0.43,0.49,9,207,0.51,0.57,207,9,1770523227675,1770523227724,0.010000000000000009,0.010000000000000009,0.06,0.05999999999999994,0.40899512709074143,0.5910048729092585,0.041666666666666664,0.9583333333333334,0.08999999999999997,0.13999999999999996,9,49,0.9199999999999999,0.08000000000000007,0.04350000000000007,25,kalshi,yes,0.49,207,polymarket,no,0.43,248.44,polymarket,no,0.43,25,IOC,33489858179390270591083483723836614492356503624932763943449061957386469414769,1,0.43,25,1770523227724,1770523228291,567,kalshi,yes,0.49,25,0,0,0,1770523228291,,,0,1,0,Kalshi FOK failed: Kalshi createOrder failed (409): {"error":{"code":"fill_or_kill_insufficient_resting_volume";"message":"fill or kill insufficient resting volume"}},0,0.04350000000000007,1770523227724,1770523231726,4002,0
1770523426216,exec_mld7xmzs_f52k9t,leg_a_failed,0,1770523200,1770524100,673784,0.69,0.7,89.71,650,0.3,0.31,650,89.71,1770523426172,1770523426185,0.6,0.61,216,71,0.39,0.4,71,216,1770523426161,1770523426216,0.010000000000000009,0.010000000000000009,0.010000000000000009,0.010000000000000009,0.12127725730353786,0.8787227426964621,0.7526132404181185,0.24738675958188153,0.08999999999999997,0.09000000000000002,13,55,0.9199999999999999,0.08000000000000007,0.04640000000000007,25,kalshi,yes,0.61,71,polymarket,no,0.31,89.71,polymarket,no,0.31,25,IOC,33489858179390270591083483723836614492356503624932763943449061957386469414769,0,0,0,1770523426216,,,kalshi,yes,0.61,25,0,,,,,,0,0,,,0,0.04640000000000007,1770523426216,1770523427544,1328,
1770523986185,exec_mld89n2h_w9iorx,leg_a_failed,0,1770523200,1770524100,113815,0.91,0.92,23.08,181,0.08,0.09,181,23.08,1770523986172,1770523986185,0.73,0.75,187,50,0.25,0.27,50,187,1770523986117,1770523986166,0.010000000000000009,0.009999999999999995,0.020000000000000018,0.020000000000000018,0.11309290474323795,0.8869070952567621,0.7890295358649789,0.2109704641350211,0.17000000000000004,0.18000000000000002,13,49,0.84,0.16000000000000003,0.12980000000000003,15,kalshi,yes,0.75,50,polymarket,no,0.09,23.08,polymarket,no,0.09,15,IOC,33489858179390270591083483723836614492356503624932763943449061957386469414769,0,0,0,1770523986185,,,kalshi,yes,0.75,15,0,,,,,,0,0,,,0,0.12980000000000003,1770523986185,1770523986745,560,
1770523986746,exec_mld89ni2_anvl9m,leg_a_failed,0,1770523200,1770524100,113254,0.85,0.86,361.42,895.99,0.14,0.15,895.99,361.42,1770523986725,1770523986738,0.67,0.68,6,65,0.32,0.33,65,6,1770523986698,1770523986746,0.010000000000000009,0.009999999999999981,0.010000000000000009,0.010000000000000009,0.28743210249640133,0.7125678975035986,0.08450704225352113,0.9154929577464789,0.17999999999999994,0.18000000000000002,13,48,0.8300000000000001,0.16999999999999993,0.13929999999999992,25,kalshi,yes,0.68,65,polymarket,no,0.15,361.42,polymarket,no,0.15,25,IOC,33489858179390270591083483723836614492356503624932763943449061957386469414769,0,0,0,1770523986746,,,kalshi,yes,0.68,25,0,,,,,,0,0,,,0,0.13929999999999992,1770523986746,1770523987589,843,
1770523987590,exec_mld89o5i_xcd8sq,unwound,0,1770523200,1770524100,112410,0.8,0.84,65.33,91,0.16,0.2,91,65.33,1770523987577,1770523987590,0.53,0.54,1,331,0.46,0.47,331,1,1770523987502,1770523987558,0.039999999999999925,0.04000000000000001,0.010000000000000009,0.009999999999999953,0.41789803620546284,0.5821019637945373,0.0030120481927710845,0.9969879518072289,0.29999999999999993,0.26999999999999996,13,56,0.74,0.26,0.22870000000000001,25,kalshi,yes,0.54,331,polymarket,no,0.2,65.33,polymarket,no,0.2,25,IOC,33489858179390270591083483723836614492356503624932763943449061957386469414769,1,0.2,25,1770523987590,1770523988522,932,kalshi,yes,0.54,25,0,0,0,1770523988522,,,0,1,0,Kalshi FOK failed: Kalshi createOrder failed (409): {"error":{"code":"fill_or_kill_insufficient_resting_volume";"message":"fill or kill insufficient resting volume"}},0,0.22870000000000001,1770523987590,1770523992943,5353,0
1770523995948,exec_mld89ulo_8j4mr1,leg_a_failed,0,1770523200,1770524100,104052,0.72,0.73,195,861.29,0.27,0.28,861.29,195,1770523995933,1770523995948,0.43,0.46,599,83,0.54,0.57,83,599,1770523995887,1770523995943,0.010000000000000009,0.010000000000000009,0.030000000000000027,0.029999999999999916,0.18460839352829242,0.8153916064717076,0.8782991202346041,0.1217008797653959,0.26999999999999996,0.2899999999999999,15,56,0.74,0.26,0.2271,25,kalshi,yes,0.46,83,polymarket,no,0.28,195,polymarket,no,0.28,25,IOC,33489858179390270591083483723836614492356503624932763943449061957386469414769,0,0,0,1770523995948,,,kalshi,yes,0.46,25,0,,,,,,0,0,,,0,0.2271,1770523995948,1770523996478,530,
1770523996484,exec_mld89v0k_pa93bg,success,0,1770523200,1770524100,103516,0.71,0.72,85.5,472,0.28,0.29,472,85.5,1770523996460,1770523996484,0.44,0.46,50,185,0.54,0.56,185,50,1770523996418,1770523996468,0.010000000000000009,0.009999999999999953,0.020000000000000018,0.020000000000000018,0.15336322869955157,0.8466367713004485,0.2127659574468085,0.7872340425531915,0.25999999999999995,0.2700000000000001,24,50,0.75,0.25,0.21689999999999998,25,kalshi,yes,0.46,185,polymarket,no,0.29,85.5,polymarket,no,0.29,25,IOC,33489858179390270591083483723836614492356503624932763943449061957386469414769,1,0.2899999743646396,24.965516,1770523996484,1770523997052,568,kalshi,yes,0.46,24,1,0.46,24,1770523997052,1770523997307,255,1,0,,,5.720001,0.21689999999999998,1770523996484,1770523997308,824,0
1770523997316,exec_mld89vno_utccjs,leg_a_failed,0,1770523200,1770524100,102684,0.71,0.72,24.13,375.29,0.28,0.29,375.29,24.13,1770523997288,1770523997316,0.44,0.46,49,79,0.54,0.56,79,49,1770523997265,1770523997315,0.010000000000000009,0.009999999999999953,0.020000000000000018,0.020000000000000018,0.06041259826748785,0.9395874017325122,0.3828125,0.6171875,0.25999999999999995,0.2700000000000001,28,50,0.75,0.25,0.21689999999999998,15,kalshi,yes,0.46,79,polymarket,no,0.29,24.13,polymarket,no,0.29,15,IOC,33489858179390270591083483723836614492356503624932763943449061957386469414769,0,0,0,1770523997316,,,kalshi,yes,0.46,15,0,,,,,,0,0,,,0,0.21689999999999998,1770523997316,1770523997859,543,
1770523997866,exec_mld89w2y_0x68mt,leg_a_failed,0,1770523200,1770524100,102134,0.7,0.71,26.86,945.97,0.29,0.3,945.97,26.86,1770523997848,1770523997866,0.3,0.31,383,700,0.69,0.7,700,383,1770523997796,1770523997844,0.010000000000000009,0.010000000000000009,0.010000000000000009,0.010000000000000009,0.02761016827194885,0.9723898317280512,0.3536472760849492,0.6463527239150508,0.39999999999999997,0.39999999999999997,18,48,0.61,0.39,0.35660000000000003,17,kalshi,yes,0.31,700,polymarket,no,0.3,26.86,polymarket,no,0.3,17,IOC,33489858179390270591083483723836614492356503624932763943449061957386469414769,0,0,0,1770523997866,,,kalshi,yes,0.31,17,0,,,,,,0,0,,,0,0.35660000000000003,1770523997866,1770523998528,662,
1770523998530,exec_mld89wle_qrcvpi,leg_a_failed,0,1770523200,1770524100,101470,0.6,0.61,163.07,5,0.39,0.4,5,163.07,1770523998519,1770523998530,0.2,0.24,124,91,0.76,0.8,91,124,1770523998474,1770523998521,0.010000000000000009,0.010000000000000009,0.03999999999999998,0.040000000000000036,0.9702504908669007,0.029749509133099306,0.5767441860465117,0.4232558139534884,0.37,0.4,11,47,0.64,0.36,0.3242,25,kalshi,yes,0.24,91,polymarket,no,0.4,163.07,polymarket,no,0.4,25,IOC,33489858179390270591083483723836614492356503624932763943449061957386469414769,0,0,0,1770523998530,,,kalshi,yes,0.24,25,0,,,,,,0,0,,,0,0.3242,1770523998530,1770523999879,1349,
1770523999881,exec_mld89xmx_xmn7qo,success,0,1770523200,1770524100,100119,0.49,0.6,625,615.85,0.4,0.51,615.85,625,1770523999871,1770523999881,0.2,0.21,61,5330,0.79,0.8,5330,61,1770523999789,1770523999834,0.10999999999999999,0.10999999999999999,0.009999999999999981,0.010000000000000009,0.5036869887577065,0.49631301124229366,0.011315154887775923,0.9886848451122241,0.39,0.29000000000000004,10,45,0.72,0.28,0.242,25,kalshi,yes,0.21,5330,polymarket,no,0.51,625,polymarket,no,0.51,25,IOC,33489858179390270591083483723836614492356503624932763943449061957386469414769,1,0.51,25,1770523999881,1770524000586,705,kalshi,yes,0.21,25,1,0.21,25,1770524000586,1770524000675,89,1,0,,,7,0.242,1770523999881,1770524000675,794,0
1770524000680,exec_mld89y94_jhk7k6,leg_a_failed,0,1770523200,1770524100,99320,0.49,0.5,194.85,279.88,0.5,0.51,279.88,194.85,1770524000668,1770524000679,0.14,0.17,77,155,0.83,0.86,155,77,1770524000631,1770524000680,0.010000000000000009,0.010000000000000009,0.03,0.030000000000000027,0.4104438312303836,0.5895561687696164,0.33189655172413796,0.6681034482758621,0.32999999999999996,0.35,11,49,0.68,0.31999999999999995,0.2919999999999999,25,kalshi,yes,0.17,155,polymarket,no,0.51,194.85,polymarket,no,0.51,25,IOC,33489858179390270591083483723836614492356503624932763943449061957386469414769,0,0,0,1770524000680,,,kalshi,yes,0.17,25,0,,,,,,0,0,,,0,0.2919999999999999,1770524000680,1770524001472,792,
1770524001473,exec_mld89yv5_1c4yrp,leg_a_failed,0,1770523200,1770524100,98527,0.34,0.46,15.5,277,0.54,0.66,277,15.5,1770524001462,1770524001473,0.1,0.15,305,600,0.85,0.9,600,305,1770524001257,1770524001465,0.12,0.12,0.04999999999999999,0.050000000000000044,0.05299145299145299,0.947008547008547,0.3370165745856354,0.6629834254143646,0.31000000000000005,0.24,11,208,0.81,0.18999999999999995,0.16159999999999994,10,kalshi,yes,0.15,600,polymarket,no,0.66,15.5,polymarket,no,0.66,10,IOC,33489858179390270591083483723836614492356503624932763943449061957386469414769,0,0,0,1770524001473,,,kalshi,yes,0.15,10,0,,,,,,0,0,,,0,0.16159999999999994,1770524001473,1770524002014,541,
1770524002015,exec_mld89za7_a313zf,success,0,1770523200,1770524100,97985,0.27,0.3,122.85,22.71,0.7,0.73,22.71,122.85,1770524002005,1770524002015,0.1,0.13,304,9,0.87,0.9,9,304,1770524001945,1770524001994,0.02999999999999997,0.030000000000000027,0.03,0.030000000000000027,0.8439818631492167,0.1560181368507832,0.9712460063897763,0.02875399361022364,0.16999999999999998,0.17000000000000004,10,49,0.86,0.14,0.11290000000000001,5,kalshi,yes,0.13,9,polymarket,no,0.73,122.85,polymarket,no,0.73,5,IOC,33489858179390270591083483723836614492356503624932763943449061957386469414769,1,0.7188183800975821,5.077775,1770524002015,1770524002578,563,kalshi,yes,0.13,5,1,0.13,5,1770524002579,1770524002667,88,1,0,,,0.7000019999999996,0.11290000000000001,1770524002015,1770524002667,652,1
1770524002682,exec_mld89zsq_bpor3b,leg_a_failed,0,1770523200,1770524100,97318,0.28,0.29,69.23,195.6,0.71,0.72,195.6,69.23,1770524002666,1770524002674,0.1,0.11,34,296,0.89,0.9,296,34,1770524002626,1770524002682,0.009999999999999953,0.010000000000000009,0.009999999999999995,0.010000000000000009,0.2614129819129253,0.7385870180870747,0.10303030303030303,0.896969696969697,0.18,0.18000000000000005,8,56,0.83,0.17000000000000004,0.14260000000000003,25,kalshi,yes,0.11,296,polymarket,no,0.72,69.23,polymarket,no,0.72,25,IOC,33489858179390270591083483723836614492356503624932763943449061957386469414769,0,0,0,1770524002682,,,kalshi,yes,0.11,25,0,,,,,,0,0,,,0,0.14260000000000003,1770524002682,1770524003221,539,
1770524003223,exec_mld8a07r_d2nile,unwound,0,1770523200,1770524100,96777,0.27,0.28,24,268.4,0.72,0.73,268.4,24,1770524003210,1770524003223,0.09,0.1,100,200,0.9,0.91,200,100,1770524003170,1770524003220,0.010000000000000009,0.010000000000000009,0.010000000000000009,0.010000000000000009,0.08207934336525309,0.9179206566347469,0.3333333333333333,0.6666666666666666,0.18000000000000002,0.18000000000000005,13,50,0.83,0.17000000000000004,0.14290000000000003,15,kalshi,yes,0.1,200,polymarket,no,0.73,24,polymarket,no,0.73,15,IOC,33489858179390270591083483723836614492356503624932763943449061957386469414769,1,0.73,15,1770524003223,1770524003848,625,kalshi,yes,0.1,15,0,0,0,1770524003848,,,0,1,2.850000000000001,Kalshi FOK failed: Kalshi createOrder failed (409): {"error":{"code":"fill_or_kill_insufficient_resting_volume";"message":"fill or kill insufficient resting volume"}},-2.850000000000001,0.14290000000000003,1770524003223,1770524009943,6720,0
1770524012944,exec_mld8a7ps_hkpent,success,0,1770523200,1770524100,87056,0.27,0.28,192,211.87,0.72,0.73,211.87,192,1770524012936,1770524012944,0.07,0.11,103,50,0.89,0.93,50,103,1770524012867,1770524012916,0.010000000000000009,0.010000000000000009,0.039999999999999994,0.040000000000000036,0.4754005001609429,0.5245994998390572,0.673202614379085,0.32679738562091504,0.17000000000000004,0.20000000000000007,8,49,0.84,0.16000000000000003,0.13290000000000002,25,kalshi,yes,0.11,50,polymarket,no,0.73,192,polymarket,no,0.73,25,IOC,33489858179390270591083483723836614492356503624932763943449061957386469414769,1,0.6999999923287664,26.071426,1770524012944,1770524013506,562,kalshi,yes,0.11,26,1,0.11,26,1770524013507,1770524013599,92,1,0,,,4.890001999999999,0.13290000000000002,1770524012944,1770524013599,655,1
1770524013604,exec_mld8a884_bipr9i,unwound,0,1770523200,1770524100,86396,0.29,0.31,88.77,15,0.69,0.71,15,88.77,1770524013586,1770524013602,0.07,0.09,3,50,0.91,0.93,50,3,1770524013554,1770524013604,0.020000000000000018,0.020000000000000018,0.01999999999999999,0.020000000000000018,0.8554495518936108,0.14455044810638915,0.05660377358490566,0.9433962264150944,0.22,0.22000000000000008,16,50,0.7999999999999999,0.20000000000000007,0.17240000000000005,25,kalshi,yes,0.09,50,polymarket,no,0.71,88.77,polymarket,no,0.71,25,IOC,33489858179390270591083483723836614492356503624932763943449061957386469414769,1,0.7000000000000001,25.35714,1770524013604,1770524014165,561,kalshi,yes,0.09,25,0,0,0,1770524014165,,,0,1,2.7892854000000025,Kalshi FOK failed: Kalshi createOrder failed (409): {"error":{"code":"fill_or_kill_insufficient_resting_volume";"message":"fill or kill insufficient resting volume"}},-2.7892854000000025,0.17240000000000005,1770524013604,1770524020667,7063,0
1770524023674,exec_mld8afzu_6hw9lr,success,0,1770523200,1770524100,76326,0.26,0.27,1156.15,387.65,0.73,0.74,387.65,1156.15,1770524023658,1770524023674,0.07,0.1,587,130,0.9,0.93,130,587,1770524023519,1770524023567,0.010000000000000009,0.010000000000000009,0.03,0.030000000000000027,0.7488988210908148,0.2511011789091851,0.8186889818688982,0.18131101813110181,0.17,0.19000000000000006,16,48,0.84,0.16000000000000003,0.13310000000000002,25,kalshi,yes,0.1,130,polymarket,no,0.74,1156.15,polymarket,no,0.74,25,IOC,33489858179390270591083483723836614492356503624932763943449061957386469414769,1,0.729999989740539,25.342462,1770524023674,1770524024235,561,kalshi,yes,0.1,25,1,0.1,25,1770524024236,1770524024477,241,1,0,,,4.0000029999999995,0.13310000000000002,1770524023674,1770524024477,803,1
1770524024484,exec_mld8agmc_2qvyj7,leg_a_failed,0,1770523200,1770524100,75516,0.27,0.28,10,190.75,0.72,0.73,190.75,10,1770524024475,1770524024483,0.07,0.09,586,170,0.91,0.93,170,586,1770524024434,1770524024484,0.010000000000000009,0.010000000000000009,0.01999999999999999,0.020000000000000018,0.049813200498132,0.950186799501868,0.7751322751322751,0.22486772486772486,0.19000000000000003,0.20000000000000007,8,50,0.82,0.18000000000000005,0.15290000000000004,6,kalshi,yes,0.09,170,polymarket,no,0.73,10,polymarket,no,0.73,6,IOC,33489858179390270591083483723836614492356503624932763943449061957386469414769,0,0,0,1770524024484,,,kalshi,yes,0.09,6,0,,,,,,0,0,,,0,0.15290000000000004,1770524024484,1770524025015,531,
1770524025028,exec_mld8ah1g_rbh85e,success,0,1770523200,1770524100,74972,0.26,0.27,362.4,145,0.73,0.74,145,362.4,1770524025018,1770524025027,0.05,0.08,210,164,0.92,0.95,164,210,1770524024983,1770524025028,0.010000000000000009,0.010000000000000009,0.03,0.029999999999999916,0.7142294048088293,0.2857705951911707,0.5614973262032086,0.4385026737967914,0.19,0.20999999999999996,9,45,0.82,0.18000000000000005,0.15310000000000004,25,kalshi,yes,0.08,164,polymarket,no,0.74,362.4,polymarket,no,0.74,25,IOC,33489858179390270591083483723836614492356503624932763943449061957386469414769,1,0.74,25,1770524025028,1770524025588,560,kalshi,yes,0.08,25,1,0.08,25,1770524025589,1770524025847,258,1,0,,,4.5,0.15310000000000004,1770524025028,1770524025847,819,1
1770524025853,exec_mld8ahod_fl9x1y,leg_a_failed,0,1770523200,1770524100,74147,0.26,0.27,10.45,447.29,0.73,0.74,447.29,10.45,1770524025840,1770524025849,0.05,0.08,108,30,0.92,0.95,30,108,1770524025804,1770524025853,0.010000000000000009,0.010000000000000009,0.03,0.029999999999999916,0.022829553895224362,0.9771704461047757,0.782608695652174,0.21739130434782608,0.19,0.20999999999999996,9,49,0.82,0.18000000000000005,0.15310000000000004,6,kalshi,yes,0.08,30,polymarket,no,0.74,10.45,polymarket,no,0.74,6,IOC,33489858179390270591083483723836614492356503624932763943449061957386469414769,0,0,0,1770524025853,,,kalshi,yes,0.08,6,0,,,,,,0,0,,,0,0.15310000000000004,1770524025853,1770524026398,545,
1770524026404,exec_mld8ai3o_m1bbqq,leg_a_failed,0,1770523200,1770524100,73596,0.23,0.24,10.82,654.71,0.76,0.77,654.71,10.82,1770524026396,1770524026404,0.03,0.12,600,500,0.88,0.97,500,600,1770524026239,1770524026287,0.009999999999999981,0.010000000000000009,0.09,0.08999999999999997,0.01625771941159677,0.9837422805884032,0.5454545454545454,0.45454545454545453,0.12,0.19999999999999996,8,48,0.89,0.10999999999999999,0.08389999999999999,7,kalshi,yes,0.12,500,polymarket,no,0.77,10.82,polymarket,no,0.77,7,IOC,33489858179390270591083483723836614492356503624932763943449061957386469414769,0,0,0,1770524026404,,,kalshi,yes,0.12,7,0,,,,,,0,0,,,0,0.08389999999999999,1770524026404,1770524026942,538,
1770524026943,exec_mld8aiin_rma4vd,leg_a_failed,0,1770523200,1770524100,73057,0.22,0.23,851.36,198.21,0.77,0.78,198.21,851.36,1770524026933,1770524026943,0.03,0.11,600,600,0.89,0.97,600,600,1770524026748,1770524026847,0.010000000000000009,0.010000000000000009,0.08,0.07999999999999996,0.8111512333622342,0.18884876663776595,0.5,0.5,0.12000000000000001,0.18999999999999995,10,99,0.89,0.10999999999999999,0.08419999999999998,25,kalshi,yes,0.11,600,polymarket,no,0.78,851.36,polymarket,no,0.78,25,IOC,33489858179390270591083483723836614492356503624932763943449061957386469414769,0,0,0,1770524026943,,,kalshi,yes,0.11,25,0,,,,,,0,0,,,0,0.08419999999999998,1770524026943,1770524027516,573,
1770524027517,exec_mld8aiyl_yyzplz,leg_a_failed,0,1770523200,1770524100,72483,0.2,0.21,129.39,90,0.79,0.8,90,129.39,1770524027507,1770524027517,0.03,0.09,100,92,0.91,0.97,92,100,1770524027385,1770524027440,0.009999999999999981,0.010000000000000009,0.06,0.05999999999999994,0.589771639546014,0.4102283604539861,0.5208333333333334,0.4791666666666667,0.12,0.16999999999999993,10,55,0.89,0.10999999999999999,0.08479999999999999,25,kalshi,yes,0.09,92,polymarket,no,0.8,129.39,polymarket,no,0.8,25,IOC,33489858179390270591083483723836614492356503624932763943449061957386469414769,0,0,0,1770524027517,,,kalshi,yes,0.09,25,0,,,,,,0,0,,,0,0.08479999999999999,1770524027517,1770524028052,535,
1770524028068,exec_mld8ajdw_9s6rz0,leg_a_failed,0,1770523200,1770524100,71932,0.17,0.19,18.85,832.47,0.81,0.83,832.47,18.85,1770524028000,1770524028032,0.02,0.07,100,137,0.93,0.98,137,100,1770524028007,1770524028068,0.01999999999999999,0.019999999999999907,0.05,0.04999999999999993,0.022142085232345066,0.9778579147676549,0.4219409282700422,0.5780590717299579,0.12,0.15000000000000002,32,61,0.8999999999999999,0.10000000000000009,0.07580000000000009,12,kalshi,yes,0.07,137,polymarket,no,0.83,18.85,polymarket,no,0.83,12,IOC,33489858179390270591083483723836614492356503624932763943449061957386469414769,0,0,0,1770524028068,,,kalshi,yes,0.07,12,0,,,,,,0,0,,,0,0.07580000000000009,1770524028068,1770524028595,527,
1770524028618,exec_mld8ajt6_s06op2,leg_a_failed,0,1770523200,1770524100,71382,0.15,0.16,223.84,126.39,0.84,0.85,126.39,223.84,1770524028575,1770524028591,0.01,0.06,1556,500,0.94,0.99,500,1556,1770524028570,1770524028618,0.010000000000000009,0.010000000000000009,0.049999999999999996,0.050000000000000044,0.6391228621191788,0.36087713788082115,0.7568093385214008,0.24319066147859922,0.1,0.14,16,48,0.9099999999999999,0.09000000000000008,0.06650000000000009,25,kalshi,yes,0.06,500,polymarket,no,0.85,223.84,polymarket,no,0.85,25,IOC,33489858179390270591083483723836614492356503624932763943449061957386469414769,0,0,0,1770524028618,,,kalshi,yes,0.06,25,0,,,,,,0,0,,,0,0.06650000000000009,1770524028618,1770524029143,525,
1770524029152,exec_mld8ak80_p4sg7s,leg_a_failed,0,1770523200,1770524100,70848,0.13,0.15,25,18.48,0.85,0.87,18.48,25,1770524029143,1770524029152,0.01,0.06,1556,537,0.94,0.99,537,1556,1770524029042,1770524029095,0.01999999999999999,0.020000000000000018,0.049999999999999996,0.050000000000000044,0.5749770009199632,0.42502299908003677,0.7434304825609174,0.2565695174390827,0.09,0.12,9,53,0.9299999999999999,0.07000000000000006,0.04720000000000006,16,kalshi,yes,0.06,537,polymarket,no,0.87,25,polymarket,no,0.87,16,IOC,33489858179390270591083483723836614492356503624932763943449061957386469414769,0,0,0,1770524029152,,,kalshi,yes,0.06,16,0,,,,,,0,0,,,0,0.04720000000000006,1770524029152,1770524029765,613,
1770525625458,exec_mld98rxw_hjumhh,leg_a_failed,0,1770525000,1770525900,274540,0.59,0.6,198.15,499.75,0.4,0.41,499.75,198.15,1770525625449,1770525625457,0.48,0.51,500,103,0.49,0.52,103,500,1770525625408,1770525625457,0.010000000000000009,0.009999999999999953,0.030000000000000027,0.030000000000000027,0.28392319816592637,0.7160768018340736,0.8291873963515755,0.17081260364842454,0.08999999999999997,0.11000000000000004,8,49,0.9199999999999999,0.08000000000000007,0.04400000000000007,25,kalshi,yes,0.51,103,polymarket,no,0.41,198.15,polymarket,no,0.41,25,IOC,51479224164543791753889452641205385805203743127119124710137463991004659867929,0,0,0,1770525625460,,,kalshi,yes,0.51,25,0,,,,,,0,0,,,0,0.04400000000000007,1770525625460,1770525626100,640,
1770525699504,exec_mld9ad2o_1grn7d,leg_a_failed,0,1770525000,1770525900,200496,0.57,0.58,436.16,445.08,0.42,0.43,445.08,436.16,1770525699491,1770525699500,0.47,0.49,150,102,0.51,0.53,102,150,1770525699458,1770525699504,0.010000000000000009,0.010000000000000009,0.020000000000000018,0.020000000000000018,0.49493894966184016,0.5050610503381598,0.5952380952380952,0.40476190476190477,0.08999999999999997,0.10000000000000003,9,46,0.9199999999999999,0.08000000000000007,0.04350000000000007,25,kalshi,yes,0.49,102,polymarket,no,0.43,436.16,polymarket,no,0.43,25,IOC,51479224164543791753889452641205385805203743127119124710137463991004659867929,0,0,0,1770525699504,,,kalshi,yes,0.49,25,0,,,,,,0,0,,,0,0.04350000000000007,1770525699504,1770525700082,578,
1770525704935,exec_mld9ah9j_6lq97y,success,0,1770525000,1770525900,195065,0.57,0.58,1590.51,88.5,0.42,0.43,88.5,1590.51,1770525704925,1770525704935,0.48,0.49,200,88,0.51,0.52,88,200,1770525704869,1770525704921,0.010000000000000009,0.010000000000000009,0.010000000000000009,0.010000000000000009,0.9472903675380134,0.052709632461986525,0.6944444444444444,0.3055555555555556,0.08999999999999997,0.09000000000000002,10,52,0.9199999999999999,0.08000000000000007,0.04350000000000007,25,kalshi,yes,0.49,88,polymarket,no,0.43,1590.51,polymarket,no,0.43,25,IOC,51479224164543791753889452641205385805203743127119124710137463991004659867929,1,0.43,25,1770525704935,1770525705502,567,kalshi,yes,0.49,25,1,0.49,25,1770525705502,1770525705599,97,1,0,,,2,0.04350000000000007,1770525704935,1770525705599,664,0
1770525705632,exec_mld9ahsw_0kycxf,unwound,0,1770525000,1770525900,194368,0.57,0.58,431.18,526.27,0.42,0.43,526.27,431.18,1770525705606,1770525705615,0.48,0.49,200,59,0.51,0.52,59,200,1770525705556,1770525705632,0.010000000000000009,0.010000000000000009,0.010000000000000009,0.010000000000000009,0.45034205441537417,0.5496579455846258,0.7722007722007722,0.2277992277992278,0.08999999999999997,0.09000000000000002,9,76,0.9199999999999999,0.08000000000000007,0.04350000000000007,25,kalshi,yes,0.49,59,polymarket,no,0.43,431.18,polymarket,no,0.43,25,IOC,51479224164543791753889452641205385805203743127119124710137463991004659867929,1,0.43,25,1770525705632,1770525706219,587,kalshi,yes,0.49,25,0,0,0,1770525706220,,,0,1,1.5,Kalshi FOK failed: Kalshi createOrder failed (409): {"error":{"code":"fill_or_kill_insufficient_resting_volume";"message":"fill or kill insufficient resting volume"}},-1.5,0.04350000000000007,1770525705632,1770525715248,9616,1
1770525773716,exec_mld9byc5_h537zx,unwound,0,1770525000,1770525900,126283,0.66,0.68,46,436.24,0.32,0.34,436.24,46,1770525773707,1770525773716,0.54,0.58,99,21,0.42,0.46,21,99,1770525773611,1770525773657,0.020000000000000018,0.020000000000000018,0.039999999999999925,0.040000000000000036,0.09538818845388189,0.9046118115461181,0.825,0.175,0.10000000000000009,0.12,9,46,0.9199999999999999,0.08000000000000007,0.04570000000000007,13,kalshi,yes,0.58,21,polymarket,no,0.34,46,polymarket,no,0.34,13,IOC,51479224164543791753889452641205385805203743127119124710137463991004659867929,1,0.32,13.8125,1770525773717,1770525774331,614,kalshi,yes,0.58,13,0,0,0,1770525774331,,,0,1,0.2762500000000002,Kalshi FOK failed: Kalshi createOrder failed (409): {"error":{"code":"fill_or_kill_insufficient_resting_volume";"message":"fill or kill insufficient resting volume"}},-0.2762500000000002,0.04570000000000007,1770525773717,1770525778697,4980,0
1770525846192,exec_mld9di9c_1dog2k,unwound,0,1770525000,1770525900,53808,0.3,0.33,59.31,307.16,0.67,0.7,307.16,59.31,1770525846184,1770525846192,0.65,0.66,500,100,0.34,0.35,100,500,1770525846143,1770525846192,0.030000000000000027,0.029999999999999916,0.010000000000000009,0.009999999999999953,0.16184135127022675,0.8381586487297732,0.8333333333333334,0.16666666666666666,0.33,0.35,8,49,0.6799999999999999,0.32000000000000006,0.28590000000000004,25,polymarket,yes,0.33,307.16,kalshi,no,0.35,500,polymarket,yes,0.33,25,IOC,30803055788412011351309450243813855163516862872501066207915019373298907108899,1,0.289999983830302,28.448274,1770525846192,1770525846810,618,kalshi,no,0.35,28,0,0,0,1770525846810,,,0,1,0,Kalshi FOK failed: Kalshi createOrder failed (409): {"error":{"code":"fill_or_kill_insufficient_resting_volume";"message":"fill or kill insufficient resting volume"}},0,0.28590000000000004,1770525846192,1770525853181,6989,0
1770525865462,exec_mld9dx4m_p7vn25,leg_a_failed,0,1770525000,1770525900,34538,0.23,0.24,76,1287.21,0.76,0.77,1287.21,76,1770525865449,1770525865457,0.05,0.06,102,502,0.94,0.95,502,102,1770525865414,1770525865462,0.009999999999999981,0.010000000000000009,0.009999999999999995,0.010000000000000009,0.05575076473910843,0.9442492352608916,0.16887417218543047,0.8311258278145696,0.18,0.17999999999999994,8,48,0.8300000000000001,0.16999999999999993,0.14389999999999992,25,kalshi,yes,0.06,502,polymarket,no,0.77,76,polymarket,no,0.77,25,IOC,51479224164543791753889452641205385805203743127119124710137463991004659867929,0,0,0,1770525865463,,,kalshi,yes,0.06,25,0,,,,,,0,0,,,0,0.14389999999999992,1770525865462,1770525865997,535,
1770525865999,exec_mld9dxjj_l3lt0q,leg_a_failed,0,1770525000,1770525900,34001,0.17,0.18,20.74,202.27,0.82,0.83,202.27,20.74,1770525865991,1770525865999,0.05,0.06,102,482,0.94,0.95,482,102,1770525865775,1770525865832,0.009999999999999981,0.010000000000000009,0.009999999999999995,0.010000000000000009,0.09300031388726962,0.9069996861127303,0.17465753424657535,0.8253424657534246,0.12,0.12,8,57,0.8899999999999999,0.1100000000000001,0.0858000000000001,13,kalshi,yes,0.06,482,polymarket,no,0.83,20.74,polymarket,no,0.83,13,IOC,51479224164543791753889452641205385805203743127119124710137463991004659867929,0,0,0,1770525865999,,,kalshi,yes,0.06,13,0,,,,,,0,0,,,0,0.0858000000000001,1770525865999,1770525866534,535,
1770525866854,exec_mld9dy7a_re2r62,success,0,1770525000,1770525900,33146,0.13,0.15,154.6,2.51,0.85,0.87,2.51,154.6,1770525866845,1770525866854,0.05,0.06,102,396,0.94,0.95,396,102,1770525866785,1770525866832,0.01999999999999999,0.020000000000000018,0.009999999999999995,0.010000000000000009,0.9840239322767488,0.015976067723251226,0.20481927710843373,0.7951807228915663,0.09,0.07999999999999996,9,47,0.9299999999999999,0.07000000000000006,0.04720000000000006,25,kalshi,yes,0.06,396,polymarket,no,0.87,154.6,polymarket,no,0.87,25,IOC,51479224164543791753889452641205385805203743127119124710137463991004659867929,1,0.8599999952551712,25.290692,1770525866854,1770525867437,583,kalshi,yes,0.06,25,1,0.06,25,1770525867438,1770525867525,87,1,0,,,1.7500050000000016,0.04720000000000006,1770525866854,1770525867525,671,1
1770525867533,exec_mld9dyq5_3ttqrx,success,0,1770525000,1770525900,32467,0.14,0.15,34.7,385.93,0.85,0.86,385.93,34.7,1770525867524,1770525867532,0.03,0.06,650,306,0.94,0.97,306,650,1770525867484,1770525867533,0.009999999999999981,0.010000000000000009,0.03,0.030000000000000027,0.08249530466205454,0.9175046953379455,0.6799163179916318,0.3200836820083682,0.09,0.10999999999999999,8,49,0.9199999999999999,0.08000000000000007,0.056800000000000066,22,kalshi,yes,0.06,306,polymarket,no,0.86,34.7,polymarket,no,0.86,22,IOC,51479224164543791753889452641205385805203743127119124710137463991004659867929,1,0.8599999972712848,21.988371,1770525867533,1770525868110,577,kalshi,yes,0.06,21,1,0.06,21,1770525868110,1770525868357,247,1,0,,,0.8300009999999993,0.056800000000000066,1770525867533,1770525868357,824,0
1770525868363,exec_mld9dzd7_2lqp9i,leg_a_failed,0,1770525000,1770525900,31637,0.14,0.15,294,433.89,0.85,0.86,433.89,294,1770525868350,1770525868360,0.03,0.06,148,432,0.94,0.97,432,148,1770525868315,1770525868363,0.009999999999999981,0.010000000000000009,0.03,0.030000000000000027,0.40390718377776863,0.5960928162222314,0.25517241379310346,0.7448275862068966,0.09,0.10999999999999999,10,48,0.9199999999999999,0.08000000000000007,0.056800000000000066,25,kalshi,yes,0.06,432,polymarket,no,0.86,294,polymarket,no,0.86,25,IOC,51479224164543791753889452641205385805203743127119124710137463991004659867929,0,0,0,1770525868363,,,kalshi,yes,0.06,25,0,,,,,,0,0,,,0,0.056800000000000066,1770525868363,1770525868912,549,
1770525868926,exec_mld9dzsu_epbp1q,success,0,1770525000,1770525900,31074,0.13,0.14,404.38,64.85,0.86,0.87,64.85,404.38,1770525868918,1770525868926,0.02,0.06,782,417,0.94,0.98,417,782,1770525868850,1770525868895,0.010000000000000009,0.010000000000000009,0.039999999999999994,0.040000000000000036,0.8617948554014022,0.13820514459859767,0.6522101751459549,0.347789824854045,0.08000000000000002,0.10999999999999999,8,45,0.9299999999999999,0.07000000000000006,0.04720000000000006,25,kalshi,yes,0.06,417,polymarket,no,0.87,404.38,polymarket,no,0.87,25,IOC,51479224164543791753889452641205385805203743127119124710137463991004659867929,1,0.87,25,1770525868926,1770525869490,564,kalshi,yes,0.06,25,1,0.06,25,1770525869490,1770525869579,89,1,0,,,1.75,0.04720000000000006,1770525868926,1770525869580,654,0
1770525869585,exec_mld9e0b5_sc4vpc,unwound,0,1770525000,1770525900,30415,0.15,0.16,390.92,49.2,0.84,0.85,49.2,390.92,1770525869574,1770525869582,0.02,0.05,282,51,0.95,0.98,51,282,1770525869539,1770525869585,0.010000000000000009,0.010000000000000009,0.030000000000000002,0.030000000000000027,0.8882123057347996,0.11178769426520041,0.8468468468468469,0.15315315315315314,0.11,0.13,8,46,0.9,0.09999999999999998,0.07649999999999998,25,kalshi,yes,0.05,51,polymarket,no,0.85,390.92,polymarket,no,0.85,25,IOC,51479224164543791753889452641205385805203743127119124710137463991004659867929,1,0.85,25,1770525869585,1770525870153,568,kalshi,yes,0.05,25,0,0,0,1770525870153,,,0,1,6.25,Kalshi FOK failed: Kalshi createOrder failed (409): {"error":{"code":"fill_or_kill_insufficient_resting_volume";"message":"fill or kill insufficient resting volume"}},-6.25,0.07649999999999998,1770525869585,1770525876154,6569,0
1770525879159,exec_mld9e7p4_n6773l,unwound,0,1770525000,1770525900,20840,0.53,0.54,385,37,0.46,0.47,37,385,1770525879150,1770525879159,0,0.01,0,44,0.99,1,44,0,1770525879108,1770525879154,0.010000000000000009,0.009999999999999953,0.01,0.010000000000000009,0.9123222748815166,0.08767772511848342,0,1,0.53,0.53,9,46,0.48,0.52,0.4927,25,kalshi,yes,0.01,44,polymarket,no,0.47,385,polymarket,no,0.47,25,IOC,51479224164543791753889452641205385805203743127119124710137463991004659867929,1,0.449999980851063,26.11111,1770525879160,1770525879733,573,kalshi,yes,0.01,26,0,0,0,1770525879733,,,0,1,2.8722215999999996,Kalshi FOK failed: Kalshi createOrder failed (409): {"error":{"code":"fill_or_kill_insufficient_resting_volume";"message":"fill or kill insufficient resting volume"}},-2.8722215999999996,0.4927,1770525879160,1770525885574,6414,0
1770525888582,exec_mld9eeyu_sugm68,success,0,1770525000,1770525900,11418,0.64,0.68,54.16,94.89,0.32,0.36,94.89,54.16,1770525888573,1770525888582,0,0.01,0,182,0.99,1,182,0,1770525887944,1770525887991,0.040000000000000036,0.03999999999999998,0.01,0.010000000000000009,0.36336799731633673,0.6366320026836632,0,1,0.67,0.64,9,47,0.37,0.63,0.6052,25,kalshi,yes,0.01,182,polymarket,no,0.36,54.16,polymarket,no,0.36,25,IOC,51479224164543791753889452641205385805203743127119124710137463991004659867929,1,0.32999997873333237,27.272726,1770525888582,1770525889149,567,kalshi,yes,0.01,27,1,0.01,27,1770525889149,1770525889394,245,1,0,,,17.730001,0.6052,1770525888582,1770525889395,813,0
1770525889401,exec_mld9efll_39a6na,leg_a_failed,0,1770525000,1770525900,10599,0.66,0.67,33.99,274.17,0.33,0.34,274.17,33.99,1770525889390,1770525889398,0,0.01,0,149,0.99,1,149,0,1770525889354,1770525889401,0.010000000000000009,0.010000000000000009,0.01,0.010000000000000009,0.11029984423676012,0.8897001557632399,0,1,0.66,0.6599999999999999,8,47,0.35000000000000003,0.6499999999999999,0.6256999999999999,22,kalshi,yes,0.01,149,polymarket,no,0.34,33.99,polymarket,no,0.34,22,IOC,51479224164543791753889452641205385805203743127119124710137463991004659867929,0,0,0,1770525889401,,,kalshi,yes,0.01,22,0,,,,,,0,0,,,0,0.6256999999999999,1770525889401,1770525889940,539,
1770525889946,exec_mld9eg0q_sm5mpl,leg_a_failed,0,1770525000,1770525900,10054,0.52,0.59,10.14,146,0.41,0.48,146,10.14,1770525889930,1770525889946,0,0.01,0,149,0.99,1,149,0,1770525889354,1770525889401,0.06999999999999995,0.07,0.01,0.010000000000000009,0.064941718970155,0.9350582810298451,0,1,0.58,0.52,16,47,0.49,0.51,0.4825,6,kalshi,yes,0.01,149,polymarket,no,0.48,10.14,polymarket,no,0.48,6,IOC,51479224164543791753889452641205385805203743127119124710137463991004659867929,0,0,0,1770525889946,,,kalshi,yes,0.01,6,0,,,,,,0,0,,,0,0.4825,1770525889946,1770525890490,544,
1770525890491,exec_mld9egfv_aklwte,success,0,1770525000,1770525900,9509,0.41,0.42,32.02,233.24,0.58,0.59,233.24,32.02,1770525890482,1770525890491,0,0.01,0,149,0.99,1,149,0,1770525889354,1770525889401,0.010000000000000009,0.010000000000000009,0.01,0.010000000000000009,0.12071175450501397,0.8792882454949861,0,1,0.41,0.41000000000000003,9,47,0.6,0.4,0.3713,20,kalshi,yes,0.01,149,polymarket,no,0.59,32.02,polymarket,no,0.59,20,IOC,51479224164543791753889452641205385805203743127119124710137463991004659867929,1,0.5900000000000001,20,1770525890491,1770525891061,570,kalshi,yes,0.01,20,1,0.01,20,1770525891061,1770525891151,90,1,0,,,8,0.3713,1770525890491,1770525891151,660,0
1770525891157,exec_mld9egyd_6s1d1g,leg_a_failed,0,1770525000,1770525900,8843,0.4,0.41,35,45,0.59,0.6,45,35,1770525891148,1770525891156,0,0.01,0,89,0.99,1,89,0,1770525891110,1770525891157,0.009999999999999953,0.010000000000000009,0.01,0.010000000000000009,0.4375,0.5625,0,1,0.39999999999999997,0.4,8,47,0.61,0.39,0.3613,22,kalshi,yes,0.01,89,polymarket,no,0.6,35,polymarket,no,0.6,22,IOC,51479224164543791753889452641205385805203743127119124710137463991004659867929,0,0,0,1770525891157,,,kalshi,yes,0.01,22,0,,,,,,0,0,,,0,0.3613,1770525891157,1770525891691,534,
1770525891695,exec_mld9ehdb_l814b7,leg_a_failed,0,1770525000,1770525900,8305,0.38,0.4,9.06,63,0.6,0.62,63,9.06,1770525891684,1770525891695,0,0.01,0,89,0.99,1,89,0,1770525891110,1770525891157,0.020000000000000018,0.020000000000000018,0.01,0.010000000000000009,0.1257285595337219,0.874271440466278,0,1,0.39,0.38,11,47,0.63,0.37,0.3413,5,kalshi,yes,0.01,89,polymarket,no,0.62,9.06,polymarket,no,0.62,5,IOC,51479224164543791753889452641205385805203743127119124710137463991004659867929,0,0,0,1770525891695,,,kalshi,yes,0.01,5,0,,,,,,0,0,,,0,0.3413,1770525891695,1770525892234,539,
1770525892239,exec_mld9ehsf_2qh716,success,0,1770525000,1770525900,7761,0.35,0.37,99.7,78,0.63,0.65,78,99.7,1770525892231,1770525892239,0,0.01,0,89,0.99,1,89,0,1770525891918,1770525891967,0.020000000000000018,0.020000000000000018,0.01,0.010000000000000009,0.5610579628587508,0.4389420371412493,0,1,0.36,0.35,8,49,0.66,0.33999999999999997,0.31149999999999994,25,kalshi,yes,0.01,89,polymarket,no,0.65,99.7,polymarket,no,0.65,25,IOC,51479224164543791753889452641205385805203743127119124710137463991004659867929,1,0.65,25,1770525892239,1770525892804,565,kalshi,yes,0.01,25,1,0.01,25,1770525892804,1770525892893,89,1,0,,,8.5,0.31149999999999994,1770525892239,1770525892893,654,0
1770525892908,exec_mld9eib0_1pm0r6,success,0,1770525000,1770525900,7092,0.35,0.39,70.7,27.48,0.61,0.65,27.48,70.7,1770525892899,1770525892908,0,0.01,0,64,0.99,1,64,0,1770525892852,1770525892907,0.040000000000000036,0.040000000000000036,0.01,0.010000000000000009,0.7201059278875535,0.2798940721124465,0,1,0.38,0.35,9,55,0.66,0.33999999999999997,0.31149999999999994,25,kalshi,yes,0.01,64,polymarket,no,0.65,70.7,polymarket,no,0.65,25,IOC,51479224164543791753889452641205385805203743127119124710137463991004659867929,1,0.65,25,1770525892908,1770525893467,559,kalshi,yes,0.01,25,1,0.01,25,1770525893468,1770525893553,85,1,0,,,8.5,0.31149999999999994,1770525892908,1770525893554,646,1
1770525893586,exec_mld9eitu_kwdnyz,leg_a_failed,0,1770525000,1770525900,6414,0.35,0.36,21,5,0.64,0.65,5,21,1770525893554,1770525893561,0,0.01,0,1139,0.99,1,1139,0,1770525893512,1770525893586,0.010000000000000009,0.010000000000000009,0.01,0.010000000000000009,0.8076923076923077,0.19230769230769232,0,1,0.35,0.35,7,74,0.66,0.33999999999999997,0.31149999999999994,13,kalshi,yes,0.01,1139,polymarket,no,0.65,21,polymarket,no,0.65,13,IOC,51479224164543791753889452641205385805203743127119124710137463991004659867929,0,0,0,1770525893586,,,kalshi,yes,0.01,13,0,,,,,,0,0,,,0,0.31149999999999994,1770525893586,1770525894122,536,
1770525894160,exec_mld9ej9s_2pah6u,leg_a_failed,0,1770525000,1770525900,5840,0.33,0.34,55.89,288,0.66,0.67,288,55.89,1770525894142,1770525894160,0,0.01,0,1141,0.99,1,1141,0,1770525893692,1770525893742,0.010000000000000009,0.010000000000000009,0.01,0.010000000000000009,0.16252289976445958,0.8374771002355405,0,1,0.33,0.32999999999999996,18,50,0.68,0.31999999999999995,0.29179999999999995,25,kalshi,yes,0.01,1141,polymarket,no,0.67,55.89,polymarket,no,0.67,25,IOC,51479224164543791753889452641205385805203743127119124710137463991004659867929,0,0,0,1770525894160,,,kalshi,yes,0.01,25,0,,,,,,0,0,,,0,0.29179999999999995,1770525894160,1770525894701,541,
1770525894934,exec_mld9ejva_pj5hge,leg_a_failed,0,1770525000,1770525900,5066,0.27,0.32,13.09,10,0.68,0.73,10,13.09,1770525894911,1770525894934,0,0.01,0,1141,0.99,1,1141,0,1770525893692,1770525893742,0.04999999999999999,0.04999999999999993,0.01,0.010000000000000009,0.56691208315288,0.43308791684711995,0,1,0.31,0.27,23,50,0.74,0.26,0.2329,8,kalshi,yes,0.01,1141,polymarket,no,0.73,13.09,polymarket,no,0.73,8,IOC,51479224164543791753889452641205385805203743127119124710137463991004659867929,0,0,0,1770525894934,,,kalshi,yes,0.01,8,0,,,,,,0,0,,,0,0.2329,1770525894934,1770525895472,538,
1770525895477,exec_mld9ekae_2e9oyq,leg_a_failed,0,1770525000,1770525900,4522,0.26,0.32,22.44,5,0.68,0.74,5,22.44,1770525895468,1770525895477,0,0.01,0,1141,0.99,1,1141,0,1770525893692,1770525893742,0.06,0.05999999999999994,0.01,0.010000000000000009,0.8177842565597667,0.18221574344023322,0,1,0.31,0.26,9,50,0.75,0.25,0.2231,14,kalshi,yes,0.01,1141,polymarket,no,0.74,22.44,polymarket,no,0.74,14,IOC,51479224164543791753889452641205385805203743127119124710137463991004659867929,0,0,0,1770525895478,,,kalshi,yes,0.01,14,0,,,,,,0,0,,,0,0.2231,1770525895478,1770525896012,534,
1770525896017,exec_mld9ekpd_k02dyw,success,0,1770525000,1770525900,3983,0.25,0.31,1707.96,10,0.69,0.75,10,1707.96,1770525896009,1770525896017,0,0.01,0,1141,0.99,1,1141,0,1770525893692,1770525893742,0.06,0.06000000000000005,0.01,0.010000000000000009,0.9941791427041374,0.005820857295862535,0,1,0.3,0.25,8,50,0.76,0.24,0.21339999999999998,25,kalshi,yes,0.01,1141,polymarket,no,0.75,1707.96,polymarket,no,0.75,25,IOC,51479224164543791753889452641205385805203743127119124710137463991004659867929,1,0.7171162284958322,26.146385,1770525896017,1770525896582,565,kalshi,yes,0.01,26,1,0.01,26,1770525896582,1770525896827,245,1,0,,,6.990002999999998,0.21339999999999998,1770525896017,1770525896827,810,0
1770525896833,exec_mld9elc1_gw4lna,success,0,1770525000,1770525900,3167,0.25,0.32,1667.49,5,0.68,0.75,5,1667.49,1770525896823,1770525896832,0,0.01,0,1115,0.99,1,1115,0,1770525896786,1770525896833,0.07,0.06999999999999995,0.01,0.010000000000000009,0.9970104455034111,0.002989554496588918,0,1,0.31,0.25,9,47,0.76,0.24,0.21339999999999998,25,kalshi,yes,0.01,1115,polymarket,no,0.75,1667.49,polymarket,no,0.75,25,IOC,51479224164543791753889452641205385805203743127119124710137463991004659867929,1,0.75,25,1770525896833,1770525897404,571,kalshi,yes,0.01,25,1,0.01,25,1770525897404,1770525897492,88,1,0,,,6,0.21339999999999998,1770525896833,1770525897492,659,0
1770525897657,exec_mld9elyx_a3f9ax,leg_a_failed,0,1770525000,1770525900,2343,0.25,0.26,1565.55,1209,0.74,0.75,1209,1565.55,1770525897648,1770525897657,0,0.01,0,1090,0.99,1,1090,0,1770525897450,1770525897597,0.010000000000000009,0.010000000000000009,0.01,0.010000000000000009,0.5642536627561225,0.43574633724387735,0,1,0.25,0.25,9,147,0.76,0.24,0.21339999999999998,25,kalshi,yes,0.01,1090,polymarket,no,0.75,1565.55,polymarket,no,0.75,25,IOC,51479224164543791753889452641205385805203743127119124710137463991004659867929,0,0,0,1770525897657,,,kalshi,yes,0.01,25,0,,,,,,0,0,,,0,0.21339999999999998,1770525897657,1770525898201,544,
1770525898203,exec_mld9eme3_2fnonn,success,0,1770525000,1770525900,1797,0.14,0.23,63.15,0.23,0.77,0.86,0.23,63.15,1770525898193,1770525898203,0,0.01,0,1090,0.99,1,1090,0,1770525897969,1770525898018,0.09,0.08999999999999997,0.01,0.010000000000000009,0.9963710949826444,0.003628905017355633,0,1,0.22,0.14,10,49,0.87,0.13,0.1068,25,kalshi,yes,0.01,1090,polymarket,no,0.86,63.15,polymarket,no,0.86,25,IOC,51479224164543791753889452641205385805203743127119124710137463991004659867929,1,0.8600000000000001,9.91,1770525898203,1770525898765,562,kalshi,yes,0.01,9,1,0.01,9,1770525898766,1770525898850,84,1,0,,,0.3873999999999995,0.1068,1770525898203,1770525898851,648,1
1770525899099,exec_mld9en2z_6w0zy6,success,0,1770525000,1770525900,901,0.1,0.32,308.4,36,0.68,0.9,36,308.4,1770525899087,1770525899099,0,0.01,0,1081,0.99,1,1081,0,1770525898810,1770525898858,0.22,0.21999999999999997,0.01,0.010000000000000009,0.8954703832752613,0.10452961672473868,0,1,0.31,0.09999999999999998,12,48,0.91,0.08999999999999997,0.06809999999999998,25,kalshi,yes,0.01,1081,polymarket,no,0.9,308.4,polymarket,no,0.9,25,IOC,51479224164543791753889452641205385805203743127119124710137463991004659867929,1,0.4119928864023316,54.612591,1770525899099,1770525899668,569,kalshi,yes,0.01,54,1,0.01,54,1770525899669,1770525899754,85,1,0,,,30.960001000000002,0.06809999999999998,1770525899099,1770525899754,655,1
